User_ID,Name,Email,Mobile_no,Country,State,City,Account_Type,Risk_Profile
1,Ayaan Patel,ayaan.patel58@example.com,1871381907,India,Uttar Pradesh,Parayagraj,Institutional,Medium
2,Dev Mittal,dev.mittal18@example.com,4090755402,India,Gujrat,Surat,Institutional,Low
3,Aarav Khandelwal,aarav.khandelwal51@example.com,7868758913,India,Uttar Pradesh,Lucknow,Institutional,Low
4,Aditya Agarwal,aditya.agarwal2@example.com,9432299242,India,Madhya Pradesh,Bhopal,Institutional,Medium
5,Diya Iyer,diya.iyer77@example.com,5837901807,India,Maharashtra,Nashik,Institutional,Low
6,Rohan Jindal,rohan.jindal96@example.com,3014499104,India,Maharashtra,Nashik,Retail,Low
7,Kavya Solanki,kavya.solanki91@example.com,2299693053,India,Uttar Pradesh,Lucknow,Retail,High
8,Arnav Joshi,arnav.joshi54@example.com,9280535218,India,Maharashtra,Nashik,Institutional,High
9,Aarav Shah,aarav.shah29@example.com,4481931751,India,Uttar Pradesh,Lucknow,Retail,Low
10,Zoya Kumar,zoya.kumar18@example.com,9121570398,India,Maharashtra,Sambhaji Nagar,Retail,Medium
11,Aarush Verma,aarush.verma77@example.com,9197740870,India,Gujrat,Surat,Retail,High
12,Ansh Shah,ansh.shah86@example.com,1779115936,India,Maharashtra,Sambhaji Nagar,Institutional,Low
13,Aarush Pillai,aarush.pillai1@example.com,9826517893,India,Gujrat,Ahamadabad,Institutional,Low
14,Atharv Khan,atharv.khan29@example.com,9225707575,India,Gujrat,Surat,Retail,Low
15,Aarav Nair,aarav.nair19@example.com,3509725386,India,Madhya Pradesh,Bhopal,Institutional,Low
16,Ishita Mittal,ishita.mittal48@example.com,9277917677,India,Maharashtra,Nagpur,Institutional,Low
17,Ansh Chopra,ansh.chopra45@example.com,9346614889,India,Madhya Pradesh,Bhopal,Institutional,High
18,Ansh Mehta,ansh.mehta56@example.com,5630818310,India,Gujrat,Ahamadabad,Retail,Low
19,Kavya Jindal,kavya.jindal92@example.com,7834921556,India,Uttar Pradesh,Lucknow,Retail,Medium
20,Vihaan Soni,vihaan.soni79@example.com,4666925870,India,Madhya Pradesh,Bhopal,Institutional,Medium
21,Laksh Chopra,laksh.chopra10@example.com,4257031894,India,Maharashtra,Sambhaji Nagar,Retail,Medium
22,Pranav Pillai,pranav.pillai77@example.com,9117347897,India,Maharashtra,Nagpur,Retail,High
23,Anika Rathore,anika.rathore37@example.com,9019922306,India,Maharashtra,Nagpur,Retail,High
24,Dhruv Bansal,dhruv.bansal28@example.com,7557238759,India,Maharashtra,Nashik,Institutional,Low
25,Sai Chopra,sai.chopra10@example.com,3410572930,India,Maharashtra,Nagpur,Retail,Low
26,Navya Shah,navya.shah19@example.com,6867492081,India,Maharashtra,Sambhaji Nagar,Institutional,Medium
27,Krishna Das,krishna.das39@example.com,9258012763,India,Gujrat,Surat,Institutional,High
28,Atharv Singhania,atharv.singhania88@example.com,6423607226,India,Uttar Pradesh,Lucknow,Retail,Low
29,Arnav Mukherjee,arnav.mukherjee36@example.com,1229017667,India,Madhya Pradesh,Bhopal,Retail,Low
30,Rishaan Goyal,rishaan.goyal84@example.com,5318091774,India,Maharashtra,Nagpur,Retail,High
31,Riya Yadav,riya.yadav96@example.com,7700610017,India,Maharashtra,Pune,Retail,High
32,Arnav Verma,arnav.verma3@example.com,9007546434,India,Madhya Pradesh,Indore,Institutional,Medium
33,Reyansh Khan,reyansh.khan13@example.com,9622815288,India,Maharashtra,Nagpur,Retail,Medium
34,Rohan Chauhan,rohan.chauhan54@example.com,1891089430,India,Maharashtra,Nashik,Institutional,Low
35,Ishita Iyer,ishita.iyer21@example.com,7536201199,India,Maharashtra,Sambhaji Nagar,Institutional,Low
36,Aarav Banerjee,aarav.banerjee32@example.com,1806106457,India,Gujrat,Ahamadabad,Retail,Low
37,Pranav Agarwal,pranav.agarwal8@example.com,4106806470,India,Maharashtra,Nagpur,Institutional,Low
38,Aadhya Kumar,aadhya.kumar26@example.com,2794099872,India,Madhya Pradesh,Indore,Retail,Medium
39,Zoya Khan,zoya.khan86@example.com,2846273233,India,Maharashtra,Sambhaji Nagar,Institutional,Medium
40,Priya Thakur,priya.thakur69@example.com,6981200754,India,Gujrat,Ahamadabad,Retail,High
41,Rudra Jain,rudra.jain57@example.com,4295023999,India,Maharashtra,Sambhaji Nagar,Retail,High
42,Neel Singhania,neel.singhania13@example.com,2138041614,India,Uttar Pradesh,Lucknow,Institutional,Medium
43,Arnav Banerjee,arnav.banerjee91@example.com,9954523864,India,Madhya Pradesh,Bhopal,Retail,Low
44,Kiara Mittal,kiara.mittal56@example.com,7846209776,India,Gujrat,Ahamadabad,Institutional,High
45,Zoya Yadav,zoya.yadav80@example.com,4722828756,India,Gujrat,Surat,Institutional,Low
46,Sai Kumar,sai.kumar22@example.com,4228754579,India,Madhya Pradesh,Bhopal,Retail,Low
47,Arjun Goyal,arjun.goyal18@example.com,5482267122,India,Madhya Pradesh,Indore,Institutional,Medium
48,Ishita Banerjee,ishita.banerjee32@example.com,8012273169,India,Maharashtra,Nashik,Retail,High
49,Dev Rao,dev.rao18@example.com,1614016025,India,Madhya Pradesh,Bhopal,Retail,Low
50,Kabir Khandelwal,kabir.khandelwal1@example.com,1349500240,India,Maharashtra,Chandrapur,Retail,High
51,Dev Gupta,dev.gupta66@example.com,1849748440,India,Gujrat,Ahamadabad,Institutional,Low
52,Vihaan Jindal,vihaan.jindal52@example.com,4330284236,India,Maharashtra,Nashik,Institutional,Low
53,Atharv Gupta,atharv.gupta3@example.com,9514707662,India,Uttar Pradesh,Lucknow,Retail,Low
54,Shaurya Verma,shaurya.verma43@example.com,5318967576,India,Maharashtra,Nagpur,Institutional,High
55,Arnav Mukherjee,arnav.mukherjee14@example.com,5293001653,India,Uttar Pradesh,Lucknow,Institutional,High
56,Navya Gupta,navya.gupta24@example.com,3692415346,India,Uttar Pradesh,Parayagraj,Institutional,Low
57,Yash Gupta,yash.gupta70@example.com,9190850410,India,Maharashtra,Nashik,Retail,Medium
58,Reyansh Menon,reyansh.menon63@example.com,3637436407,India,Maharashtra,Nashik,Retail,Medium
59,Veer Khandelwal,veer.khandelwal27@example.com,1387951051,India,Maharashtra,Nagpur,Retail,Medium
60,Advik Khandelwal,advik.khandelwal68@example.com,1957500130,India,Maharashtra,Sambhaji Nagar,Institutional,High
61,Sara Shukla,sara.shukla60@example.com,9046333723,India,Uttar Pradesh,Lucknow,Retail,High
62,Kiara Mittal,kiara.mittal20@example.com,5053184706,India,Uttar Pradesh,Lucknow,Institutional,Medium
63,Aryan Goel,aryan.goel31@example.com,3443358156,India,Madhya Pradesh,Indore,Retail,Low
64,Neel Patel,neel.patel14@example.com,5363798740,India,Maharashtra,Nagpur,Institutional,Low
65,Zoya Pandey,zoya.pandey16@example.com,3607763872,India,Gujrat,Ahamadabad,Retail,High
66,Ishaan Kumar,ishaan.kumar3@example.com,8149978762,India,Maharashtra,Sambhaji Nagar,Retail,High
67,Laksh Jindal,laksh.jindal25@example.com,7517451740,India,Maharashtra,Sambhaji Nagar,Retail,High
68,Anvi Banerjee,anvi.banerjee27@example.com,7559079949,India,Uttar Pradesh,Parayagraj,Retail,High
69,Ayaan Rana,ayaan.rana27@example.com,6644751461,India,Gujrat,Ahamadabad,Institutional,Low
70,Anvi Shukla,anvi.shukla74@example.com,5118324075,India,Maharashtra,Sambhaji Nagar,Retail,Medium
71,Advik Chatterjee,advik.chatterjee69@example.com,5426788224,India,Gujrat,Surat,Retail,Low
72,Yash Mishra,yash.mishra86@example.com,1812762785,India,Gujrat,Surat,Institutional,Low
73,Kavya Singh,kavya.singh11@example.com,7272738863,India,Maharashtra,Chandrapur,Institutional,Medium
74,Anika Thakur,anika.thakur13@example.com,652997395,India,Uttar Pradesh,Lucknow,Retail,Low
75,Atharv Dubey,atharv.dubey20@example.com,769558699,India,Maharashtra,Nagpur,Institutional,High
76,Anvi Dubey,anvi.dubey30@example.com,5388448635,India,Uttar Pradesh,Lucknow,Institutional,Low
77,Ananya Gupta,ananya.gupta40@example.com,9892465297,India,Maharashtra,Sambhaji Nagar,Institutional,Medium
78,Saanvi Mukherjee,saanvi.mukherjee21@example.com,3624671520,India,Maharashtra,Sambhaji Nagar,Institutional,Low
79,Shanaya Chopra,shanaya.chopra33@example.com,5232046458,India,Maharashtra,Nashik,Retail,Medium
80,Ansh Pandey,ansh.pandey36@example.com,1168741879,India,Gujrat,Ahamadabad,Institutional,Medium
81,Aryan Chauhan,aryan.chauhan7@example.com,1160050017,India,Gujrat,Surat,Retail,High
82,Vivaan Mukherjee,vivaan.mukherjee27@example.com,6376451516,India,Maharashtra,Nagpur,Retail,Low
83,Aryan Sharma,aryan.sharma79@example.com,887338617,India,Madhya Pradesh,Bhopal,Institutional,Medium
84,Ayaan Chauhan,ayaan.chauhan26@example.com,6140674715,India,Maharashtra,Nagpur,Institutional,Medium
85,Diya Soni,diya.soni66@example.com,6355704164,India,Madhya Pradesh,Indore,Institutional,Low
86,Vivaan Goel,vivaan.goel26@example.com,9270242421,India,Maharashtra,Sambhaji Nagar,Institutional,Low
87,Kabir Singh,kabir.singh63@example.com,4822062676,India,Maharashtra,Nagpur,Institutional,High
88,Ishita Pillai,ishita.pillai47@example.com,2746718137,India,Gujrat,Ahamadabad,Retail,Low
89,Kian Rathore,kian.rathore50@example.com,672380896,India,Maharashtra,Nashik,Retail,Medium
90,Navya Solanki,navya.solanki28@example.com,1037079376,India,Maharashtra,Sambhaji Nagar,Retail,Low
91,Diya Kumar,diya.kumar76@example.com,3372938911,India,Maharashtra,Chandrapur,Retail,High
92,Anvi Khandelwal,anvi.khandelwal88@example.com,1786612265,India,Uttar Pradesh,Parayagraj,Retail,Low
93,Anvi Tiwari,anvi.tiwari43@example.com,9246507360,India,Maharashtra,Sambhaji Nagar,Retail,Medium
94,Pranav Chatterjee,pranav.chatterjee90@example.com,3425402949,India,Maharashtra,Nashik,Institutional,Medium
95,Dev Mukherjee,dev.mukherjee44@example.com,1880164653,India,Maharashtra,Nashik,Retail,Medium
96,Navya Chauhan,navya.chauhan5@example.com,2937663271,India,Maharashtra,Sambhaji Nagar,Retail,Low
97,Rudra Joshi,rudra.joshi51@example.com,2603979339,India,Uttar Pradesh,Lucknow,Retail,High
98,Arnav Pandey,arnav.pandey90@example.com,4489298782,India,Maharashtra,Chandrapur,Institutional,Medium
99,Kian Singhania,kian.singhania98@example.com,5562807263,India,Madhya Pradesh,Bhopal,Retail,Low
100,Kavya Malhotra,kavya.malhotra39@example.com,2144092919,India,Madhya Pradesh,Bhopal,Institutional,High
101,Navya Agarwal,navya.agarwal84@example.com,3149362347,India,Maharashtra,Nagpur,Retail,Medium
102,Ishaan Rao,ishaan.rao91@example.com,4778253805,India,Gujrat,Ahamadabad,Institutional,High
103,Ansh Jindal,ansh.jindal11@example.com,4521122275,India,Madhya Pradesh,Indore,Institutional,High
104,Ishita Jain,ishita.jain37@example.com,1396679401,India,Gujrat,Surat,Institutional,High
105,Navya Jain,navya.jain50@example.com,5380530807,India,Maharashtra,Nashik,Institutional,High
106,Advik Chopra,advik.chopra80@example.com,9171131845,India,Maharashtra,Sambhaji Nagar,Retail,High
107,Diya Nair,diya.nair36@example.com,3952433007,India,Madhya Pradesh,Bhopal,Institutional,Medium
108,Arnav Shah,arnav.shah82@example.com,9666555366,India,Maharashtra,Sambhaji Nagar,Institutional,Medium
109,Neel Mukherjee,neel.mukherjee71@example.com,7295160234,India,Uttar Pradesh,Parayagraj,Institutional,Low
110,Kiara Chatterjee,kiara.chatterjee17@example.com,1019144012,India,Madhya Pradesh,Indore,Institutional,High
111,Siya Mukherjee,siya.mukherjee82@example.com,5295195470,India,Uttar Pradesh,Parayagraj,Retail,Low
112,Vivaan Agrawal,vivaan.agrawal74@example.com,2049135823,India,Madhya Pradesh,Bhopal,Institutional,Medium
113,Dhruv Khandelwal,dhruv.khandelwal85@example.com,4627866001,India,Maharashtra,Nashik,Retail,Medium
114,Aarav Shah,aarav.shah98@example.com,220270378,India,Maharashtra,Nashik,Retail,High
115,Ayaan Gupta,ayaan.gupta29@example.com,7178427236,India,Madhya Pradesh,Indore,Institutional,Medium
116,Yash Yadav,yash.yadav67@example.com,8751547192,India,Maharashtra,Mumbai,Institutional,High
117,Aarush Shah,aarush.shah33@example.com,1711716301,India,Maharashtra,Nashik,Retail,Medium
118,Arjun Shukla,arjun.shukla60@example.com,1270632373,India,Uttar Pradesh,Lucknow,Retail,Low
119,Avni Goel,avni.goel47@example.com,5124939364,India,Madhya Pradesh,Bhopal,Institutional,Medium
120,Myra Soni,myra.soni46@example.com,4290532201,India,Madhya Pradesh,Bhopal,Retail,Medium
121,Krishna Joshi,krishna.joshi87@example.com,2566246625,India,Maharashtra,Nagpur,Institutional,High
122,Gauri Chopra,gauri.chopra56@example.com,8146026355,India,Maharashtra,Nashik,Institutional,Medium
123,Neel Pillai,neel.pillai77@example.com,6895297835,India,Madhya Pradesh,Bhopal,Retail,High
124,Avni Goyal,avni.goyal40@example.com,750601388,India,Maharashtra,Chandrapur,Retail,Low
125,Ishita Chopra,ishita.chopra29@example.com,3148696868,India,Uttar Pradesh,Lucknow,Retail,Low
126,Pranav Solanki,pranav.solanki4@example.com,8329444155,India,Gujrat,Ahamadabad,Institutional,High
127,Ananya Reddy,ananya.reddy14@example.com,5608225416,India,Maharashtra,Nashik,Institutional,Low
128,Ayaan Reddy,ayaan.reddy39@example.com,9215298472,India,Gujrat,Ahamadabad,Retail,Medium
129,Sara Khandelwal,sara.khandelwal41@example.com,9195303624,India,Gujrat,Ahamadabad,Institutional,Low
130,Ayaan Menon,ayaan.menon65@example.com,755973579,India,Gujrat,Surat,Retail,High
131,Ananya Bose,ananya.bose50@example.com,9758626683,India,Gujrat,Ahamadabad,Retail,Medium
132,Samarth Thakur,samarth.thakur9@example.com,9267329467,India,Maharashtra,Chandrapur,Retail,Medium
133,Anika Soni,anika.soni66@example.com,9707697812,India,Gujrat,Surat,Institutional,Low
134,Reyansh Yadav,reyansh.yadav76@example.com,375559206,India,Madhya Pradesh,Bhopal,Institutional,Medium
135,Kian Solanki,kian.solanki9@example.com,1251941026,India,Uttar Pradesh,Parayagraj,Retail,Low
136,Krishna Singhania,krishna.singhania5@example.com,9354398231,India,Gujrat,Ahamadabad,Institutional,Low
137,Ayaan Menon,ayaan.menon49@example.com,4510359082,India,Gujrat,Ahamadabad,Institutional,Low
138,Samarth Verma,samarth.verma69@example.com,4249746270,India,Madhya Pradesh,Bhopal,Retail,Low
139,Krishna Yadav,krishna.yadav61@example.com,9730563290,India,Gujrat,Ahamadabad,Institutional,Medium
140,Saanvi Shah,saanvi.shah66@example.com,7717501128,India,Gujrat,Surat,Retail,Low
141,Arjun Shukla,arjun.shukla95@example.com,9559092456,India,Uttar Pradesh,Lucknow,Institutional,Medium
142,Yash Chopra,yash.chopra11@example.com,9737426194,India,Madhya Pradesh,Indore,Institutional,Low
143,Aarush Kapoor,aarush.kapoor8@example.com,7513188369,India,Madhya Pradesh,Bhopal,Institutional,High
144,Priya Chauhan,priya.chauhan72@example.com,5468588194,India,Maharashtra,Nashik,Institutional,High
145,Diya Das,diya.das25@example.com,5990742459,India,Madhya Pradesh,Bhopal,Retail,Medium
146,Kavya Singhania,kavya.singhania82@example.com,447423969,India,Gujrat,Ahamadabad,Retail,Low
147,Yash Kumar,yash.kumar53@example.com,3882774183,India,Madhya Pradesh,Bhopal,Institutional,Medium
148,Navya Tiwari,navya.tiwari39@example.com,4203492058,India,Gujrat,Ahamadabad,Institutional,Low
149,Navya Shukla,navya.shukla53@example.com,1937815011,India,Maharashtra,Nashik,Retail,Medium
150,Shanaya Solanki,shanaya.solanki96@example.com,1691240213,India,Maharashtra,Chandrapur,Retail,Medium
151,Dhruv Dubey,dhruv.dubey79@example.com,4598789988,India,Gujrat,Ahamadabad,Institutional,Low
152,Myra Chatterjee,myra.chatterjee91@example.com,7526307686,India,Maharashtra,Nagpur,Institutional,Medium
153,Aarush Jindal,aarush.jindal47@example.com,3961839609,India,Maharashtra,Chandrapur,Institutional,Medium
154,Sai Iyer,sai.iyer74@example.com,6231622683,India,Maharashtra,Nagpur,Institutional,High
155,Rishaan Chopra,rishaan.chopra28@example.com,7153716422,India,Madhya Pradesh,Bhopal,Retail,High
156,Rohan Shukla,rohan.shukla41@example.com,6208637524,India,Madhya Pradesh,Bhopal,Retail,Low
157,Kavya Shah,kavya.shah48@example.com,5779826390,India,Maharashtra,Nashik,Retail,Medium
158,Zoya Chatterjee,zoya.chatterjee52@example.com,4466555096,India,Maharashtra,Nagpur,Retail,Low
159,Rishaan Rao,rishaan.rao86@example.com,3306745354,India,Maharashtra,Chandrapur,Retail,High
160,Rishaan Mishra,rishaan.mishra4@example.com,2147822154,India,Maharashtra,Nagpur,Institutional,Medium
161,Atharv Rao,atharv.rao34@example.com,5424848936,India,Madhya Pradesh,Bhopal,Institutional,High
162,Ansh Mishra,ansh.mishra48@example.com,6223480817,India,Gujrat,Surat,Institutional,High
163,Zoya Reddy,zoya.reddy25@example.com,6116842043,India,Gujrat,Ahamadabad,Retail,High
164,Priya Pandey,priya.pandey36@example.com,3189359423,India,Uttar Pradesh,Parayagraj,Retail,High
165,Navya Khandelwal,navya.khandelwal80@example.com,8793060616,India,Maharashtra,Chandrapur,Retail,Medium
166,Aarav Joshi,aarav.joshi78@example.com,7758758926,India,Gujrat,Ahamadabad,Retail,Medium
167,Kabir Shah,kabir.shah6@example.com,8555102050,India,Maharashtra,Chandrapur,Institutional,Medium
168,Arnav Tiwari,arnav.tiwari31@example.com,4247896214,India,Maharashtra,Nashik,Retail,Low
169,Ishita Agrawal,ishita.agrawal44@example.com,9780327571,India,Maharashtra,Nagpur,Retail,High
170,Ananya Solanki,ananya.solanki58@example.com,7444880516,India,Maharashtra,Pune,Retail,Medium
171,Siya Chatterjee,siya.chatterjee21@example.com,3641174430,India,Maharashtra,Nashik,Institutional,Low
172,Myra Soni,myra.soni66@example.com,6053142734,India,Maharashtra,Sambhaji Nagar,Institutional,Medium
173,Shaurya Dubey,shaurya.dubey4@example.com,4278831100,India,Gujrat,Ahamadabad,Retail,Low
174,Krishna Chauhan,krishna.chauhan77@example.com,5305689829,India,Maharashtra,Nagpur,Retail,Medium
175,Myra Khandelwal,myra.khandelwal76@example.com,9145899528,India,Madhya Pradesh,Bhopal,Retail,Low
176,Sara Banerjee,sara.banerjee50@example.com,6814034891,India,Maharashtra,Nashik,Institutional,Medium
177,Myra Rathore,myra.rathore54@example.com,9094816355,India,Uttar Pradesh,Parayagraj,Retail,High
178,Ansh Bose,ansh.bose87@example.com,7575708636,India,Maharashtra,Nashik,Retail,Medium
179,Kian Pandey,kian.pandey42@example.com,2706461713,India,Maharashtra,Nagpur,Retail,High
180,Sara Rathore,sara.rathore33@example.com,3710193658,India,Gujrat,Ahamadabad,Institutional,Medium
181,Neel Gupta,neel.gupta42@example.com,3855699134,India,Gujrat,Surat,Institutional,Medium
182,Kian Shah,kian.shah90@example.com,9051306282,India,Madhya Pradesh,Bhopal,Retail,Low
183,Gauri Dubey,gauri.dubey90@example.com,9872944451,India,Maharashtra,Nashik,Retail,High
184,Kian Soni,kian.soni35@example.com,7338889012,India,Madhya Pradesh,Bhopal,Retail,Low
185,Aadhya Nair,aadhya.nair19@example.com,3184274704,India,Maharashtra,Sambhaji Nagar,Institutional,High
186,Aadhya Pandey,aadhya.pandey45@example.com,942619018,India,Maharashtra,Nashik,Retail,Low
187,Kabir Agrawal,kabir.agrawal88@example.com,3911467309,India,Maharashtra,Nagpur,Institutional,High
188,Dev Patel,dev.patel53@example.com,6412310967,India,Uttar Pradesh,Lucknow,Institutional,Medium
189,Pranav Rana,pranav.rana90@example.com,9203265926,India,Madhya Pradesh,Bhopal,Institutional,Medium
190,Samarth Shukla,samarth.shukla34@example.com,4208747858,India,Gujrat,Ahamadabad,Retail,High
191,Aarush Kapoor,aarush.kapoor68@example.com,9455240498,India,Maharashtra,Nashik,Retail,High
192,Ishaan Joshi,ishaan.joshi85@example.com,5350399425,India,Madhya Pradesh,Bhopal,Retail,Low
193,Kiara Mukherjee,kiara.mukherjee8@example.com,3542236271,India,Uttar Pradesh,Parayagraj,Retail,High
194,Ananya Reddy,ananya.reddy96@example.com,1949387618,India,Uttar Pradesh,Lucknow,Retail,High
195,Pranav Shah,pranav.shah90@example.com,7233427262,India,Gujrat,Surat,Retail,Medium
196,Zoya Kumar,zoya.kumar33@example.com,6577303705,India,Maharashtra,Sambhaji Nagar,Institutional,High
197,Shanaya Shukla,shanaya.shukla94@example.com,6981986002,India,Madhya Pradesh,Bhopal,Institutional,Medium
198,Ishita Malhotra,ishita.malhotra72@example.com,2324707188,India,Maharashtra,Sambhaji Nagar,Institutional,Low
199,Zoya Mittal,zoya.mittal25@example.com,4236650990,India,Maharashtra,Chandrapur,Institutional,Medium
200,Veer Mehta,veer.mehta40@example.com,9552680341,India,Maharashtra,Nagpur,Retail,High
201,Ishaan Agrawal,ishaan.agrawal78@example.com,369079356,India,Madhya Pradesh,Bhopal,Retail,High
202,Ishita Pandey,ishita.pandey40@example.com,9665074096,India,Maharashtra,Nashik,Retail,High
203,Vihaan Bansal,vihaan.bansal68@example.com,7734395379,India,Maharashtra,Nashik,Institutional,Medium
204,Siya Shukla,siya.shukla80@example.com,4466923852,India,Maharashtra,Chandrapur,Retail,Medium
205,Yash Bansal,yash.bansal28@example.com,8574104477,India,Uttar Pradesh,Lucknow,Institutional,Medium
206,Veer Jindal,veer.jindal60@example.com,9335497463,India,Maharashtra,Chandrapur,Retail,Medium
207,Rishaan Mittal,rishaan.mittal98@example.com,181021697,India,Maharashtra,Nashik,Institutional,Low
208,Navya Gupta,navya.gupta11@example.com,242580214,India,Maharashtra,Nashik,Institutional,Medium
209,Riya Pandey,riya.pandey10@example.com,827311361,India,Madhya Pradesh,Indore,Retail,High
210,Advik Singh,advik.singh46@example.com,792187092,India,Gujrat,Ahamadabad,Retail,Medium
211,Myra Verma,myra.verma92@example.com,5073855472,India,Gujrat,Ahamadabad,Retail,Low
212,Gauri Rathore,gauri.rathore4@example.com,4619738853,India,Maharashtra,Nagpur,Retail,Low
213,Rudra Kapoor,rudra.kapoor86@example.com,6663767778,India,Maharashtra,Nashik,Retail,Low
214,Aarush Pillai,aarush.pillai24@example.com,4748782913,India,Maharashtra,Mumbai,Institutional,Low
215,Krishna Nair,krishna.nair8@example.com,6896744018,India,Madhya Pradesh,Bhopal,Retail,Medium
216,Kiara Solanki,kiara.solanki48@example.com,8758070355,India,Maharashtra,Chandrapur,Institutional,Medium
217,Kavya Tiwari,kavya.tiwari15@example.com,8038050617,India,Maharashtra,Nagpur,Retail,High
218,Aarav Bose,aarav.bose40@example.com,1881035873,India,Gujrat,Ahamadabad,Institutional,High
219,Neel Khandelwal,neel.khandelwal24@example.com,1639964363,India,Madhya Pradesh,Bhopal,Retail,Low
220,Neel Soni,neel.soni14@example.com,5358546288,India,Madhya Pradesh,Bhopal,Institutional,High
221,Dev Rathore,dev.rathore70@example.com,4998127157,India,Uttar Pradesh,Parayagraj,Retail,Low
222,Mahi Patel,mahi.patel5@example.com,9207099310,India,Madhya Pradesh,Bhopal,Retail,High
223,Pranav Joshi,pranav.joshi93@example.com,7793255319,India,Maharashtra,Chandrapur,Institutional,High
224,Shaurya Mittal,shaurya.mittal30@example.com,6987166470,India,Madhya Pradesh,Indore,Retail,High
225,Anvi Das,anvi.das93@example.com,8320516283,India,Maharashtra,Nagpur,Institutional,Low
226,Kiara Sharma,kiara.sharma35@example.com,7372594087,India,Madhya Pradesh,Bhopal,Institutional,Low
227,Aarav Yadav,aarav.yadav70@example.com,6482795550,India,Maharashtra,Chandrapur,Retail,Medium
228,Ayaan Chauhan,ayaan.chauhan49@example.com,1019965551,India,Maharashtra,Nashik,Retail,Low
229,Advik Chatterjee,advik.chatterjee30@example.com,3275314070,India,Uttar Pradesh,Parayagraj,Retail,Medium
230,Kabir Sharma,kabir.sharma77@example.com,8364135108,India,Maharashtra,Nashik,Retail,Low
231,Priya Khan,priya.khan14@example.com,2180477800,India,Maharashtra,Nashik,Retail,Medium
232,Diya Khandelwal,diya.khandelwal22@example.com,3215959542,India,Uttar Pradesh,Lucknow,Retail,High
233,Veer Rana,veer.rana78@example.com,746385948,India,Maharashtra,Chandrapur,Institutional,Low
234,Ananya Dubey,ananya.dubey78@example.com,513896998,India,Uttar Pradesh,Lucknow,Institutional,Medium
235,Dhruv Joshi,dhruv.joshi20@example.com,9730452477,India,Maharashtra,Sambhaji Nagar,Retail,High
236,Sai Dubey,sai.dubey87@example.com,4367110575,India,Madhya Pradesh,Bhopal,Institutional,High
237,Atharv Kapoor,atharv.kapoor26@example.com,5658822197,India,Madhya Pradesh,Bhopal,Institutional,Medium
238,Arjun Chauhan,arjun.chauhan51@example.com,2998161751,India,Maharashtra,Nashik,Retail,High
239,Myra Dubey,myra.dubey51@example.com,6631872896,India,Gujrat,Ahamadabad,Retail,Low
240,Diya Banerjee,diya.banerjee71@example.com,1955705070,India,Madhya Pradesh,Bhopal,Institutional,High
241,Laksh Goyal,laksh.goyal93@example.com,1248193222,India,Maharashtra,Nashik,Institutional,Low
242,Samarth Shukla,samarth.shukla81@example.com,8100055404,India,Madhya Pradesh,Bhopal,Retail,High
243,Kiara Thakur,kiara.thakur10@example.com,7649057191,India,Maharashtra,Nashik,Institutional,High
244,Diya Kumar,diya.kumar24@example.com,6080540250,India,Gujrat,Surat,Institutional,Medium
245,Riya Thakur,riya.thakur8@example.com,3840439516,India,Maharashtra,Sambhaji Nagar,Retail,High
246,Saanvi Thakur,saanvi.thakur49@example.com,6238990267,India,Gujrat,Ahamadabad,Retail,High
247,Ananya Soni,ananya.soni86@example.com,2628595630,India,Madhya Pradesh,Bhopal,Retail,Medium
248,Aryan Pillai,aryan.pillai75@example.com,5367258789,India,Uttar Pradesh,Parayagraj,Retail,High
249,Samarth Verma,samarth.verma24@example.com,7478194248,India,Maharashtra,Chandrapur,Retail,Medium
250,Kavya Mukherjee,kavya.mukherjee58@example.com,6341369602,India,Gujrat,Ahamadabad,Institutional,Low
251,Vivaan Agrawal,vivaan.agrawal94@example.com,3293671309,India,Uttar Pradesh,Lucknow,Institutional,High
252,Shaurya Malhotra,shaurya.malhotra26@example.com,1362362537,India,Maharashtra,Nagpur,Institutional,Low
253,Ansh Rana,ansh.rana40@example.com,9536758693,India,Maharashtra,Nagpur,Retail,Medium
254,Aryan Rana,aryan.rana79@example.com,8586595789,India,Uttar Pradesh,Lucknow,Retail,Medium
255,Sara Tiwari,sara.tiwari93@example.com,1361193490,India,Uttar Pradesh,Lucknow,Institutional,Medium
256,Rohan Soni,rohan.soni9@example.com,7679821118,India,Maharashtra,Nagpur,Institutional,Medium
257,Myra Shukla,myra.shukla1@example.com,2505586131,India,Madhya Pradesh,Bhopal,Institutional,Low
258,Aditya Reddy,aditya.reddy90@example.com,9701831314,India,Maharashtra,Nashik,Retail,Medium
259,Vihaan Khan,vihaan.khan16@example.com,7807341860,India,Maharashtra,Nashik,Retail,High
260,Siya Kapoor,siya.kapoor11@example.com,2048575757,India,Madhya Pradesh,Bhopal,Institutional,Medium
261,Vihaan Nair,vihaan.nair57@example.com,6269612006,India,Madhya Pradesh,Bhopal,Retail,Medium
262,Kabir Khan,kabir.khan55@example.com,2232475333,India,Uttar Pradesh,Lucknow,Institutional,Medium
263,Kavya Rathore,kavya.rathore48@example.com,8634328739,India,Maharashtra,Nashik,Institutional,High
264,Ishita Shah,ishita.shah62@example.com,5146439151,India,Maharashtra,Sambhaji Nagar,Institutional,High
265,Yash Bansal,yash.bansal51@example.com,7752981600,India,Maharashtra,Mumbai,Institutional,Low
266,Aditya Mittal,aditya.mittal82@example.com,2219857148,India,Maharashtra,Chandrapur,Institutional,Medium
267,Yash Rana,yash.rana94@example.com,1848105982,India,Uttar Pradesh,Parayagraj,Retail,Low
268,Reyansh Mukherjee,reyansh.mukherjee63@example.com,9520102312,India,Maharashtra,Nagpur,Retail,Medium
269,Rudra Pandey,rudra.pandey99@example.com,9468129912,India,Maharashtra,Sambhaji Nagar,Retail,Low
270,Mahi Shukla,mahi.shukla38@example.com,4528354996,India,Maharashtra,Sambhaji Nagar,Institutional,Low
271,Ansh Thakur,ansh.thakur39@example.com,736697932,India,Maharashtra,Sambhaji Nagar,Institutional,High
272,Zoya Chopra,zoya.chopra20@example.com,3198424895,India,Madhya Pradesh,Indore,Retail,Low
273,Reyansh Singhania,reyansh.singhania35@example.com,9498245373,India,Maharashtra,Sambhaji Nagar,Institutional,High
274,Veer Joshi,veer.joshi63@example.com,6355283414,India,Uttar Pradesh,Lucknow,Institutional,Low
275,Samarth Malhotra,samarth.malhotra72@example.com,2891877213,India,Gujrat,Ahamadabad,Retail,Medium
276,Vivaan Das,vivaan.das71@example.com,1010752075,India,Gujrat,Ahamadabad,Retail,Low
277,Anika Das,anika.das79@example.com,9332936860,India,Maharashtra,Nagpur,Retail,Low
278,Atharv Pandey,atharv.pandey94@example.com,7562546790,India,Gujrat,Surat,Institutional,Medium
279,Ayaan Iyer,ayaan.iyer88@example.com,2258625302,India,Maharashtra,Nagpur,Retail,Medium
280,Vivaan Reddy,vivaan.reddy68@example.com,6331962691,India,Maharashtra,Nashik,Institutional,High
281,Pranav Gupta,pranav.gupta12@example.com,3100602511,India,Gujrat,Ahamadabad,Retail,Low
282,Rudra Bose,rudra.bose84@example.com,6114140521,India,Maharashtra,Nashik,Institutional,Low
283,Shaurya Sharma,shaurya.sharma57@example.com,1031447991,India,Maharashtra,Nagpur,Institutional,High
284,Samarth Yadav,samarth.yadav9@example.com,8317572405,India,Maharashtra,Chandrapur,Institutional,High
285,Veer Khandelwal,veer.khandelwal100@example.com,1683914411,India,Maharashtra,Sambhaji Nagar,Institutional,Medium
286,Yash Patel,yash.patel74@example.com,8095294537,India,Maharashtra,Nashik,Institutional,High
287,Pranav Singhania,pranav.singhania64@example.com,6780404879,India,Madhya Pradesh,Bhopal,Retail,Low
288,Aditya Agarwal,aditya.agarwal13@example.com,4994823915,India,Uttar Pradesh,Parayagraj,Retail,Medium
289,Aryan Banerjee,aryan.banerjee80@example.com,9895746592,India,Maharashtra,Nashik,Retail,High
290,Mahi Mehta,mahi.mehta83@example.com,110634850,India,Madhya Pradesh,Bhopal,Retail,Medium
291,Atharv Agrawal,atharv.agrawal57@example.com,4116538153,India,Maharashtra,Nagpur,Retail,Medium
292,Sara Singh,sara.singh70@example.com,2326726927,India,Maharashtra,Sambhaji Nagar,Retail,High
293,Advik Shah,advik.shah84@example.com,9611812682,India,Madhya Pradesh,Bhopal,Retail,Low
294,Kavya Chauhan,kavya.chauhan2@example.com,8143312922,India,Madhya Pradesh,Bhopal,Retail,High
295,Siya Banerjee,siya.banerjee47@example.com,9974941991,India,Maharashtra,Chandrapur,Institutional,Medium
296,Veer Goyal,veer.goyal95@example.com,5105097005,India,Maharashtra,Mumbai,Institutional,High
297,Pranav Singhania,pranav.singhania25@example.com,2198301314,India,Maharashtra,Sambhaji Nagar,Institutional,High
298,Aadhya Yadav,aadhya.yadav50@example.com,4073853767,India,Maharashtra,Mumbai,Retail,Low
299,Zoya Joshi,zoya.joshi43@example.com,9680528966,India,Maharashtra,Nashik,Retail,Low
300,Sai Khandelwal,sai.khandelwal39@example.com,8604352323,India,Madhya Pradesh,Bhopal,Retail,Low
301,Ansh Reddy,ansh.reddy69@example.com,2548035754,India,Maharashtra,Nashik,Institutional,Low
302,Shaurya Iyer,shaurya.iyer74@example.com,5736531097,India,Maharashtra,Chandrapur,Retail,Low
303,Laksh Pillai,laksh.pillai56@example.com,3670862383,India,Maharashtra,Nashik,Retail,High
304,Sai Shah,sai.shah29@example.com,8429442754,India,Maharashtra,Nashik,Institutional,Low
305,Aryan Bansal,aryan.bansal31@example.com,9595684118,India,Madhya Pradesh,Bhopal,Retail,Medium
306,Laksh Rana,laksh.rana71@example.com,9103313584,India,Maharashtra,Sambhaji Nagar,Institutional,High
307,Anvi Solanki,anvi.solanki5@example.com,7630220398,India,Gujrat,Surat,Retail,Medium
308,Krishna Iyer,krishna.iyer70@example.com,3800873198,India,Madhya Pradesh,Bhopal,Retail,High
309,Veer Reddy,veer.reddy83@example.com,5527131241,India,Madhya Pradesh,Indore,Retail,Medium
310,Advik Solanki,advik.solanki10@example.com,2710954512,India,Gujrat,Ahamadabad,Institutional,Medium
311,Ayaan Rana,ayaan.rana71@example.com,8131987336,India,Maharashtra,Nashik,Retail,Medium
312,Kiara Chopra,kiara.chopra54@example.com,3212000933,India,Madhya Pradesh,Bhopal,Institutional,High
313,Krishna Solanki,krishna.solanki39@example.com,1352063661,India,Gujrat,Ahamadabad,Institutional,High
314,Samarth Rana,samarth.rana58@example.com,8155742796,India,Maharashtra,Nashik,Institutional,Low
315,Avni Sharma,avni.sharma100@example.com,8180512132,India,Maharashtra,Pune,Institutional,High
316,Diya Yadav,diya.yadav5@example.com,5547196669,India,Uttar Pradesh,Parayagraj,Institutional,High
317,Saanvi Das,saanvi.das12@example.com,3168330792,India,Gujrat,Ahamadabad,Retail,Medium
318,Sai Khan,sai.khan66@example.com,7011073228,India,Maharashtra,Pune,Retail,High
319,Rudra Dubey,rudra.dubey14@example.com,9003548944,India,Maharashtra,Nashik,Institutional,High
320,Zoya Mittal,zoya.mittal56@example.com,4683938621,India,Gujrat,Surat,Institutional,High
321,Kabir Agarwal,kabir.agarwal71@example.com,3032843352,India,Madhya Pradesh,Bhopal,Institutional,Medium
322,Yash Banerjee,yash.banerjee39@example.com,2016549039,India,Gujrat,Ahamadabad,Retail,Medium
323,Gauri Shukla,gauri.shukla1@example.com,1468797232,India,Gujrat,Surat,Retail,Low
324,Anvi Verma,anvi.verma68@example.com,6298339878,India,Maharashtra,Nashik,Retail,Low
325,Sai Rao,sai.rao6@example.com,9368320880,India,Maharashtra,Nagpur,Institutional,Medium
326,Myra Mittal,myra.mittal75@example.com,6883219725,India,Gujrat,Ahamadabad,Institutional,Medium
327,Aarav Dubey,aarav.dubey33@example.com,6546056312,India,Maharashtra,Nashik,Institutional,Medium
328,Myra Agarwal,myra.agarwal74@example.com,1657627379,India,Maharashtra,Nashik,Institutional,High
329,Saanvi Chopra,saanvi.chopra53@example.com,2866690421,India,Uttar Pradesh,Parayagraj,Institutional,High
330,Atharv Mehta,atharv.mehta44@example.com,1766348125,India,Gujrat,Ahamadabad,Institutional,High
331,Samarth Dubey,samarth.dubey98@example.com,2655700992,India,Madhya Pradesh,Bhopal,Institutional,Low
332,Kavya Solanki,kavya.solanki37@example.com,3439154537,India,Madhya Pradesh,Bhopal,Institutional,Medium
333,Navya Mukherjee,navya.mukherjee55@example.com,8362202741,India,Maharashtra,Pune,Institutional,High
334,Priya Pillai,priya.pillai96@example.com,9498492789,India,Gujrat,Ahamadabad,Institutional,Medium
335,Laksh Kapoor,laksh.kapoor54@example.com,4951644965,India,Maharashtra,Mumbai,Institutional,High
336,Aryan Mittal,aryan.mittal14@example.com,8655913174,India,Maharashtra,Nashik,Retail,High
337,Atharv Kumar,atharv.kumar55@example.com,1686844313,India,Uttar Pradesh,Lucknow,Retail,High
338,Ayaan Chatterjee,ayaan.chatterjee26@example.com,6535145784,India,Gujrat,Ahamadabad,Institutional,Low
339,Anika Kumar,anika.kumar88@example.com,9188667102,India,Gujrat,Ahamadabad,Institutional,Low
340,Dhruv Mittal,dhruv.mittal87@example.com,7103585285,India,Maharashtra,Nashik,Retail,Low
341,Neel Kapoor,neel.kapoor65@example.com,6452204998,India,Madhya Pradesh,Bhopal,Retail,High
342,Ishaan Chauhan,ishaan.chauhan99@example.com,5235419540,India,Maharashtra,Nashik,Retail,Low
343,Advik Das,advik.das4@example.com,2177949746,India,Maharashtra,Nashik,Institutional,Low
344,Rishaan Verma,rishaan.verma32@example.com,7139889706,India,Maharashtra,Nagpur,Retail,High
345,Atharv Soni,atharv.soni4@example.com,9553710515,India,Maharashtra,Nagpur,Retail,High
346,Myra Das,myra.das46@example.com,6923756835,India,Gujrat,Ahamadabad,Retail,Medium
347,Diya Verma,diya.verma2@example.com,9245641178,India,Maharashtra,Nagpur,Retail,High
348,Pranav Solanki,pranav.solanki5@example.com,1671799265,India,Gujrat,Ahamadabad,Institutional,High
349,Rishaan Rana,rishaan.rana54@example.com,8755680702,India,Maharashtra,Nagpur,Retail,High
350,Aarav Mittal,aarav.mittal68@example.com,3506814767,India,Maharashtra,Sambhaji Nagar,Institutional,Medium
351,Yash Chauhan,yash.chauhan57@example.com,6595316962,India,Maharashtra,Nashik,Retail,High
352,Shanaya Kumar,shanaya.kumar21@example.com,7798649295,India,Gujrat,Ahamadabad,Retail,High
353,Rudra Thakur,rudra.thakur8@example.com,3163300765,India,Gujrat,Ahamadabad,Retail,High
354,Laksh Chauhan,laksh.chauhan27@example.com,3417047134,India,Maharashtra,Sambhaji Nagar,Retail,High
355,Mahi Joshi,mahi.joshi97@example.com,2252438951,India,Maharashtra,Chandrapur,Retail,High
356,Zoya Khan,zoya.khan20@example.com,8384618966,India,Maharashtra,Sambhaji Nagar,Institutional,Medium
357,Yash Iyer,yash.iyer14@example.com,9172813825,India,Maharashtra,Nashik,Institutional,Medium
358,Aarush Malhotra,aarush.malhotra66@example.com,3305434495,India,Madhya Pradesh,Bhopal,Institutional,Medium
359,Zoya Bansal,zoya.bansal3@example.com,9092546988,India,Maharashtra,Mumbai,Retail,Low
360,Avni Agarwal,avni.agarwal76@example.com,5052615740,India,Gujrat,Ahamadabad,Retail,High
361,Rudra Verma,rudra.verma49@example.com,9047090101,India,Gujrat,Ahamadabad,Institutional,Low
362,Vihaan Menon,vihaan.menon34@example.com,5877477390,India,Maharashtra,Pune,Institutional,Low
363,Vivaan Das,vivaan.das44@example.com,8596154281,India,Maharashtra,Nagpur,Retail,Low
364,Rudra Mishra,rudra.mishra74@example.com,7949152472,India,Maharashtra,Pune,Retail,Low
365,Rohan Banerjee,rohan.banerjee23@example.com,7293085670,India,Gujrat,Ahamadabad,Retail,Medium
366,Arnav Rao,arnav.rao94@example.com,5016120887,India,Gujrat,Surat,Institutional,High
367,Mahi Chopra,mahi.chopra99@example.com,8062031769,India,Uttar Pradesh,Lucknow,Retail,Low
368,Arjun Singhania,arjun.singhania48@example.com,8275469362,India,Uttar Pradesh,Lucknow,Retail,High
369,Anika Singh,anika.singh87@example.com,3089342760,India,Maharashtra,Chandrapur,Retail,High
370,Samarth Khandelwal,samarth.khandelwal76@example.com,8289078500,India,Gujrat,Surat,Retail,Medium
371,Yash Pandey,yash.pandey54@example.com,1203235203,India,Uttar Pradesh,Parayagraj,Institutional,Medium
372,Siya Kumar,siya.kumar13@example.com,5257640241,India,Maharashtra,Chandrapur,Institutional,Low
373,Diya Patel,diya.patel50@example.com,3877911399,India,Uttar Pradesh,Parayagraj,Institutional,Medium
374,Ananya Chauhan,ananya.chauhan70@example.com,2292199711,India,Maharashtra,Nashik,Retail,Low
375,Vivaan Jindal,vivaan.jindal57@example.com,2372281946,India,Maharashtra,Nagpur,Retail,High
376,Samarth Soni,samarth.soni39@example.com,3006718932,India,Maharashtra,Sambhaji Nagar,Institutional,Low
377,Rudra Patel,rudra.patel9@example.com,6842820694,India,Maharashtra,Nashik,Retail,Medium
378,Siya Agarwal,siya.agarwal26@example.com,9367292197,India,Madhya Pradesh,Bhopal,Retail,Low
379,Aditya Chopra,aditya.chopra88@example.com,2018474548,India,Maharashtra,Nagpur,Retail,Medium
380,Kian Chopra,kian.chopra52@example.com,5767266784,India,Gujrat,Ahamadabad,Institutional,Medium
381,Zoya Banerjee,zoya.banerjee6@example.com,7871141593,India,Maharashtra,Nashik,Retail,Medium
382,Aarav Jindal,aarav.jindal77@example.com,4221845470,India,Madhya Pradesh,Bhopal,Institutional,High
383,Reyansh Sharma,reyansh.sharma29@example.com,6950045747,India,Maharashtra,Nashik,Retail,High
384,Diya Malhotra,diya.malhotra70@example.com,3165239714,India,Gujrat,Ahamadabad,Retail,High
385,Kavya Pillai,kavya.pillai7@example.com,3604635149,India,Maharashtra,Nagpur,Institutional,Medium
386,Aarush Sharma,aarush.sharma4@example.com,6674013847,India,Gujrat,Surat,Institutional,Low
387,Aditya Agrawal,aditya.agrawal62@example.com,6502854626,India,Maharashtra,Sambhaji Nagar,Institutional,Low
388,Ansh Soni,ansh.soni100@example.com,9636798294,India,Madhya Pradesh,Bhopal,Institutional,Medium
389,Dev Gupta,dev.gupta17@example.com,8459222087,India,Uttar Pradesh,Parayagraj,Institutional,Medium
390,Laksh Mittal,laksh.mittal4@example.com,5855610354,India,Maharashtra,Chandrapur,Retail,Low
391,Navya Pillai,navya.pillai59@example.com,2582947055,India,Uttar Pradesh,Parayagraj,Retail,High
392,Rohan Kapoor,rohan.kapoor4@example.com,4746426358,India,Madhya Pradesh,Bhopal,Institutional,High
393,Avni Tiwari,avni.tiwari23@example.com,5097663681,India,Maharashtra,Sambhaji Nagar,Institutional,Medium
394,Siya Singhania,siya.singhania80@example.com,5699835457,India,Uttar Pradesh,Lucknow,Institutional,High
395,Shaurya Chatterjee,shaurya.chatterjee59@example.com,9290956504,India,Maharashtra,Nashik,Retail,Medium
396,Krishna Menon,krishna.menon91@example.com,1470501180,India,Maharashtra,Nagpur,Retail,High
397,Rishaan Das,rishaan.das41@example.com,5503460992,India,Maharashtra,Sambhaji Nagar,Institutional,High
398,Dhruv Shukla,dhruv.shukla52@example.com,6082101071,India,Maharashtra,Sambhaji Nagar,Retail,High
399,Reyansh Khan,reyansh.khan4@example.com,1350911638,India,Gujrat,Ahamadabad,Retail,High
400,Veer Tiwari,veer.tiwari55@example.com,8530347872,India,Maharashtra,Nagpur,Retail,High
401,Shaurya Joshi,shaurya.joshi92@example.com,8611135105,India,Maharashtra,Sambhaji Nagar,Institutional,Low
402,Arjun Verma,arjun.verma96@example.com,4255058477,India,Maharashtra,Sambhaji Nagar,Retail,Low
403,Ishaan Yadav,ishaan.yadav23@example.com,1570270921,India,Gujrat,Ahamadabad,Retail,High
404,Yash Malhotra,yash.malhotra37@example.com,4756515764,India,Madhya Pradesh,Bhopal,Institutional,Medium
405,Arnav Kapoor,arnav.kapoor80@example.com,5568103125,India,Maharashtra,Nagpur,Retail,Low
406,Neel Shukla,neel.shukla54@example.com,8182792990,India,Gujrat,Ahamadabad,Institutional,Low
407,Krishna Khandelwal,krishna.khandelwal33@example.com,4714544436,India,Gujrat,Surat,Institutional,High
408,Navya Jindal,navya.jindal37@example.com,7956592870,India,Maharashtra,Nashik,Institutional,Medium
409,Aditya Sharma,aditya.sharma1@example.com,4765154397,India,Madhya Pradesh,Bhopal,Retail,Low
410,Arnav Thakur,arnav.thakur13@example.com,7392881289,India,Madhya Pradesh,Indore,Retail,High
411,Arjun Iyer,arjun.iyer48@example.com,4751155528,India,Uttar Pradesh,Parayagraj,Retail,Medium
412,Kabir Soni,kabir.soni69@example.com,6481200815,India,Maharashtra,Nagpur,Retail,High
413,Samarth Mittal,samarth.mittal43@example.com,3532171044,India,Uttar Pradesh,Parayagraj,Retail,Medium
414,Advik Kapoor,advik.kapoor59@example.com,2492756155,India,Maharashtra,Sambhaji Nagar,Institutional,Low
415,Aarav Shah,aarav.shah1@example.com,6926605999,India,Maharashtra,Pune,Retail,Medium
416,Sai Soni,sai.soni14@example.com,2746818931,India,Madhya Pradesh,Bhopal,Institutional,High
417,Dhruv Chopra,dhruv.chopra35@example.com,5701900175,India,Maharashtra,Nagpur,Institutional,Medium
418,Zoya Chatterjee,zoya.chatterjee85@example.com,5663807919,India,Maharashtra,Sambhaji Nagar,Institutional,Low
419,Arjun Singhania,arjun.singhania24@example.com,5433306618,India,Gujrat,Ahamadabad,Retail,Low
420,Pranav Bose,pranav.bose41@example.com,4255006120,India,Madhya Pradesh,Bhopal,Retail,Low
421,Shaurya Agarwal,shaurya.agarwal51@example.com,9544174497,India,Madhya Pradesh,Bhopal,Retail,Low
422,Ishita Thakur,ishita.thakur45@example.com,3952053806,India,Maharashtra,Chandrapur,Institutional,Low
423,Saanvi Bose,saanvi.bose96@example.com,1682875086,India,Maharashtra,Nagpur,Retail,High
424,Kian Mittal,kian.mittal45@example.com,4934623796,India,Madhya Pradesh,Bhopal,Institutional,Low
425,Myra Rana,myra.rana1@example.com,3539146263,India,Gujrat,Ahamadabad,Retail,Low
426,Shanaya Verma,shanaya.verma38@example.com,1439515263,India,Madhya Pradesh,Bhopal,Institutional,High
427,Myra Reddy,myra.reddy6@example.com,6708273206,India,Maharashtra,Nagpur,Institutional,Medium
428,Ishita Sharma,ishita.sharma6@example.com,3414197999,India,Maharashtra,Nashik,Retail,High
429,Zoya Das,zoya.das35@example.com,6517707335,India,Maharashtra,Nashik,Institutional,High
430,Laksh Mishra,laksh.mishra48@example.com,5187649721,India,Maharashtra,Nagpur,Institutional,Low
431,Avni Mishra,avni.mishra4@example.com,3628728402,India,Madhya Pradesh,Bhopal,Institutional,Low
432,Samarth Bansal,samarth.bansal93@example.com,202287130,India,Maharashtra,Nagpur,Institutional,Low
433,Ayaan Tiwari,ayaan.tiwari17@example.com,3538623334,India,Uttar Pradesh,Parayagraj,Retail,Low
434,Kian Sharma,kian.sharma84@example.com,1924725012,India,Maharashtra,Sambhaji Nagar,Retail,Medium
435,Advik Verma,advik.verma68@example.com,4550141983,India,Gujrat,Ahamadabad,Retail,High
436,Ayaan Rathore,ayaan.rathore77@example.com,5944182073,India,Maharashtra,Nashik,Institutional,Low
437,Arjun Reddy,arjun.reddy95@example.com,1199020096,India,Maharashtra,Sambhaji Nagar,Retail,Medium
438,Rudra Dubey,rudra.dubey91@example.com,7282877327,India,Uttar Pradesh,Lucknow,Institutional,Medium
439,Ayaan Patel,ayaan.patel53@example.com,3243142619,India,Gujrat,Ahamadabad,Institutional,High
440,Ananya Patel,ananya.patel86@example.com,1251192233,India,Maharashtra,Sambhaji Nagar,Institutional,Medium
441,Diya Khan,diya.khan73@example.com,6826580703,India,Gujrat,Ahamadabad,Retail,Low
442,Neel Sharma,neel.sharma97@example.com,2354024453,India,Gujrat,Ahamadabad,Retail,Low
443,Rohan Rathore,rohan.rathore63@example.com,3092229909,India,Gujrat,Surat,Institutional,Medium
444,Anvi Dubey,anvi.dubey85@example.com,5341607209,India,Maharashtra,Chandrapur,Institutional,Low
445,Priya Singh,priya.singh16@example.com,1899255465,India,Maharashtra,Nashik,Retail,Low
446,Neel Kapoor,neel.kapoor90@example.com,4982829057,India,Maharashtra,Chandrapur,Retail,High
447,Shanaya Chopra,shanaya.chopra12@example.com,8429021238,India,Maharashtra,Sambhaji Nagar,Retail,Low
448,Aryan Shah,aryan.shah35@example.com,1026185232,India,Maharashtra,Nagpur,Institutional,Medium
449,Ishaan Agrawal,ishaan.agrawal35@example.com,7641944926,India,Gujrat,Ahamadabad,Institutional,Medium
450,Vihaan Soni,vihaan.soni23@example.com,8508289368,India,Maharashtra,Nagpur,Institutional,High
451,Kavya Soni,kavya.soni48@example.com,1715251164,India,Maharashtra,Nagpur,Retail,Medium
452,Priya Agarwal,priya.agarwal32@example.com,1120911169,India,Madhya Pradesh,Bhopal,Institutional,Medium
453,Aadhya Thakur,aadhya.thakur92@example.com,5085744308,India,Maharashtra,Nagpur,Institutional,High
454,Neel Singhania,neel.singhania60@example.com,6492299881,India,Maharashtra,Nashik,Institutional,High
455,Rishaan Bansal,rishaan.bansal69@example.com,8812944642,India,Maharashtra,Nashik,Retail,Medium
456,Shanaya Menon,shanaya.menon56@example.com,4720150019,India,Maharashtra,Chandrapur,Retail,Low
457,Ananya Kapoor,ananya.kapoor62@example.com,8723910008,India,Gujrat,Surat,Institutional,Low
458,Samarth Thakur,samarth.thakur72@example.com,4068844616,India,Uttar Pradesh,Parayagraj,Retail,Low
459,Shaurya Joshi,shaurya.joshi28@example.com,7750706004,India,Maharashtra,Nagpur,Retail,Medium
460,Sai Rao,sai.rao79@example.com,6386885078,India,Maharashtra,Sambhaji Nagar,Institutional,Medium
461,Dev Verma,dev.verma21@example.com,1428027954,India,Madhya Pradesh,Bhopal,Institutional,Medium
462,Pranav Chatterjee,pranav.chatterjee56@example.com,8719125972,India,Madhya Pradesh,Bhopal,Retail,Low
463,Advik Chatterjee,advik.chatterjee61@example.com,3705768515,India,Maharashtra,Nagpur,Institutional,Low
464,Sara Shah,sara.shah76@example.com,9520182854,India,Maharashtra,Sambhaji Nagar,Retail,Medium
465,Ishaan Pillai,ishaan.pillai10@example.com,9300772848,India,Maharashtra,Nashik,Retail,Medium
466,Gauri Patel,gauri.patel65@example.com,7769924628,India,Maharashtra,Sambhaji Nagar,Institutional,Medium
467,Kian Malhotra,kian.malhotra16@example.com,6325676131,India,Uttar Pradesh,Parayagraj,Retail,Medium
468,Samarth Chatterjee,samarth.chatterjee2@example.com,9779420173,India,Uttar Pradesh,Lucknow,Institutional,High
469,Shaurya Patel,shaurya.patel40@example.com,2119883163,India,Maharashtra,Nagpur,Institutional,Medium
470,Ansh Agarwal,ansh.agarwal48@example.com,8549422162,India,Maharashtra,Pune,Retail,Low
471,Diya Reddy,diya.reddy62@example.com,9327162618,India,Madhya Pradesh,Bhopal,Retail,Low
472,Mahi Patel,mahi.patel89@example.com,8735493135,India,Madhya Pradesh,Bhopal,Institutional,Low
473,Kabir Goel,kabir.goel87@example.com,6136229933,India,Gujrat,Ahamadabad,Retail,Low
474,Priya Bose,priya.bose79@example.com,7632860814,India,Maharashtra,Nashik,Institutional,Low
475,Kavya Khandelwal,kavya.khandelwal15@example.com,9223430163,India,Maharashtra,Chandrapur,Retail,Low
476,Ayaan Malhotra,ayaan.malhotra82@example.com,2130440925,India,Uttar Pradesh,Lucknow,Institutional,Low
477,Vihaan Chatterjee,vihaan.chatterjee99@example.com,8158213621,India,Maharashtra,Nashik,Institutional,Low
478,Veer Pandey,veer.pandey37@example.com,5586702728,India,Gujrat,Ahamadabad,Retail,Medium
479,Anika Pillai,anika.pillai26@example.com,2136951675,India,Maharashtra,Nagpur,Retail,Medium
480,Gauri Solanki,gauri.solanki72@example.com,6699928013,India,Madhya Pradesh,Bhopal,Retail,High
481,Myra Nair,myra.nair54@example.com,1515106010,India,Maharashtra,Nagpur,Institutional,Medium
482,Kabir Shukla,kabir.shukla44@example.com,1876504668,India,Maharashtra,Nagpur,Retail,Medium
483,Aarav Solanki,aarav.solanki80@example.com,7185841449,India,Maharashtra,Nashik,Retail,High
484,Pranav Khan,pranav.khan62@example.com,7526432073,India,Uttar Pradesh,Lucknow,Retail,Medium
485,Shanaya Joshi,shanaya.joshi44@example.com,4691161077,India,Maharashtra,Nashik,Retail,Medium
486,Riya Jindal,riya.jindal1@example.com,1117411980,India,Madhya Pradesh,Bhopal,Retail,Low
487,Veer Rana,veer.rana90@example.com,9917418107,India,Gujrat,Ahamadabad,Retail,High
488,Diya Chopra,diya.chopra12@example.com,3267477170,India,Gujrat,Surat,Retail,Low
489,Kian Chatterjee,kian.chatterjee44@example.com,9621548622,India,Maharashtra,Nagpur,Institutional,Low
490,Aryan Goel,aryan.goel57@example.com,5640427206,India,Maharashtra,Nashik,Institutional,Low
491,Aryan Bose,aryan.bose42@example.com,8985639216,India,Maharashtra,Nashik,Retail,Low
492,Myra Mishra,myra.mishra12@example.com,9843534031,India,Maharashtra,Nagpur,Institutional,High
493,Gauri Shah,gauri.shah70@example.com,4242891372,India,Maharashtra,Nashik,Retail,Low
494,Kabir Goyal,kabir.goyal75@example.com,3377433858,India,Uttar Pradesh,Lucknow,Institutional,Medium
495,Vivaan Jain,vivaan.jain80@example.com,2807117388,India,Maharashtra,Nashik,Retail,Low
496,Diya Kumar,diya.kumar32@example.com,2882565956,India,Maharashtra,Nagpur,Institutional,High
497,Shanaya Menon,shanaya.menon61@example.com,7547282486,India,Maharashtra,Nashik,Retail,Medium
498,Laksh Chatterjee,laksh.chatterjee56@example.com,9840592665,India,Gujrat,Ahamadabad,Institutional,Medium
499,Anvi Reddy,anvi.reddy33@example.com,4136375844,India,Maharashtra,Sambhaji Nagar,Retail,Low
500,Anika Singhania,anika.singhania35@example.com,5423822622,India,Madhya Pradesh,Bhopal,Retail,Medium
